name,prefecture,prefecture_id,station_id,railway_company,line_name,aliases,line_type,company_code,all_lines
大崎,東京都,,22559,その他,山手線,,Other,OTHER,ＪＲ埼京・相鉄直通線|ＪＲ山手線内回り|ＪＲ山手線外回り|武蔵小杉・羽沢横浜国大・相鉄線直通方面|ＪＲ埼京線|東京臨海高速鉄道りんかい線
五反田,東京都,,22691,その他,山手線,,Other,OTHER,東急池上線|ＪＲ山手線内回り|都営地下鉄浅草線|ＪＲ山手線外回り
目黒,東京都,,23018,その他,山手線,,Other,OTHER,東急目黒線|東京メトロ南北線|ＪＲ山手線内回り|ＪＲ山手線外回り|都営地下鉄三田線
恵比寿,東京都,,22548,その他,山手線,,Other,OTHER,東京メトロ日比谷線|ＪＲ山手線内回り|ＪＲ埼京線|ＪＲ山手線外回り
渋谷,東京都,,22715,その他,山手線,,Other,OTHER,東京メトロ半蔵門線|京王井の頭線|東急東横線|ＪＲ山手線内回り|ＪＲ山手線外回り|東京メトロ副都心線|ＪＲ埼京線|東京メトロ銀座線|東急田園都市線
原宿,東京都,,22916,その他,山手線,,Other,OTHER,ＪＲ山手線内回り|ＪＲ山手線外回り
代々木,東京都,,23043,その他,山手線,,Other,OTHER,都営地下鉄大江戸線|ＪＲ山手線内回り|ＪＲ山手線外回り|ＪＲ中央・総武線各駅停車
新宿,東京都,,22741,その他,山手線,,Other,OTHER,ＪＲ中央・総武線各駅停車|ＪＲ中央線快速|京王新線|ＪＲ山手線内回り|ＪＲ山手線外回り|小田急小田原線|ＪＲ埼京線|京王線|都営地下鉄大江戸線|都営地下鉄新宿線
新大久保,東京都,,22730,その他,山手線,,Other,OTHER,ＪＲ山手線内回り|ＪＲ山手線外回り
高田馬場,東京都,,22790,その他,山手線,,Other,OTHER,東京メトロ東西線|西武新宿線|ＪＲ山手線内回り|ＪＲ山手線外回り
目白,東京都,,23019,その他,山手線,,Other,OTHER,ＪＲ山手線内回り|ＪＲ山手線外回り
池袋,東京都,,22513,その他,山手線,,Other,OTHER,東京メトロ有楽町線|ＪＲ山手線内回り|ＪＲ山手線外回り|東武東上線|東京メトロ丸ノ内線|東京メトロ副都心線|西武池袋線|ＪＲ埼京線
大塚(東京都),東京都,,22562,その他,山手線,大塚(東京都),Other,OTHER,ＪＲ山手線内回り|ＪＲ山手線外回り
巣鴨,東京都,,22760,その他,山手線,,Other,OTHER,ＪＲ山手線内回り|ＪＲ山手線外回り|都営地下鉄三田線
駒込,東京都,,22683,その他,山手線,,Other,OTHER,東京メトロ南北線|ＪＲ山手線内回り|ＪＲ山手線外回り
田端,東京都,,22802,その他,山手線,,Other,OTHER,ＪＲ京浜東北線|ＪＲ山手線内回り|ＪＲ山手線外回り
西日暮里,東京都,,22880,その他,山手線,,Other,OTHER,東京メトロ千代田線|ＪＲ山手線内回り|ＪＲ山手線外回り|ＪＲ京浜東北線
日暮里,東京都,,22862,その他,山手線,,Other,OTHER,ＪＲ京浜東北線|京成本線|ＪＲ山手線内回り|ＪＲ山手線外回り|ＪＲ常磐線快速
鶯谷,東京都,,22531,その他,山手線,,Other,OTHER,ＪＲ山手線内回り|ＪＲ山手線外回り|ＪＲ京浜東北線
上野,東京都,,22528,その他,山手線,,Other,OTHER,ＪＲ東北新幹線|ＪＲ宇都宮線|ＪＲ高崎線|ＪＲ北陸新幹線|ＪＲ京浜東北線|ＪＲ山手線外回り|ＪＲ山形新幹線|ＪＲ山手線内回り|東京メトロ日比谷線|ＪＲ上越新幹線|ＪＲ常磐線快速|東京メトロ銀座線|ＪＲ秋田新幹線
御徒町,東京都,,22570,その他,山手線,,Other,OTHER,ＪＲ山手線内回り|ＪＲ山手線外回り|ＪＲ京浜東北線
秋葉原,東京都,,22492,その他,山手線,,Other,OTHER,ＪＲ京浜東北線|ＪＲ中央・総武線各駅停車|ＪＲ山手線内回り|ＪＲ山手線外回り|東京メトロ日比谷線
神田(東京都),東京都,,22617,その他,山手線,神田(東京都),Other,OTHER,ＪＲ京浜東北線|ＪＲ中央線快速|ＪＲ山手線内回り|ＪＲ山手線外回り|東京メトロ銀座線
東京,東京都,,22828,その他,山手線,,Other,OTHER,ＪＲ東海道新幹線|ＪＲ東北新幹線|ＪＲ北陸新幹線|ＪＲ京浜東北線|ＪＲ東海道本線|ＪＲ中央線快速|ＪＲ総武線快速|ＪＲ山手線外回り|ＪＲ山形新幹線|ＪＲ山手線内回り|東京メトロ丸ノ内線|ＪＲ上越新幹線|ＪＲ秋田新幹線|ＪＲ京葉線|ＪＲ横須賀線
有楽町,東京都,,23036,その他,山手線,,Other,OTHER,ＪＲ山手線内回り|東京メトロ有楽町線|ＪＲ山手線外回り|ＪＲ京浜東北線
新橋,東京都,,22751,その他,山手線,,Other,OTHER,都営地下鉄浅草線|ＪＲ京浜東北線|ＪＲ山手線内回り|ＪＲ山手線外回り|東京メトロ銀座線|ＪＲ東海道本線|ＪＲ横須賀線
浜松町,東京都,,22914,その他,山手線,,Other,OTHER,ＪＲ山手線内回り|ＪＲ山手線外回り|東京モノレール羽田空港線|ＪＲ京浜東北線
田町(東京都),東京都,,22807,その他,山手線,田町(東京都),Other,OTHER,ＪＲ山手線内回り|ＪＲ山手線外回り|ＪＲ京浜東北線
高輪ゲートウェイ,東京都,,29818,その他,山手線,,Other,OTHER,ＪＲ山手線内回り|ＪＲ山手線外回り|ＪＲ京浜東北線
品川,東京都,,22709,その他,山手線,,Other,OTHER,ＪＲ東海道新幹線|ＪＲ京浜東北線|ＪＲ山手線内回り|ＪＲ山手線外回り|ＪＲ東海道本線|ＪＲ横須賀線|京急本線
小岩,東京都,,22670,その他,総武線,,Other,OTHER,ＪＲ中央・総武線各駅停車
新小岩,東京都,,22734,その他,総武線,,Other,OTHER,ＪＲ総武線快速|ＪＲ中央・総武線各駅停車
平井(東京都),東京都,,22952,その他,総武線,平井(東京都),Other,OTHER,ＪＲ中央・総武線各駅停車
亀戸,東京都,,22612,その他,総武線,,Other,OTHER,東武亀戸線|ＪＲ中央・総武線各駅停車
錦糸町,東京都,,22640,その他,総武線,,Other,OTHER,ＪＲ総武線快速|東京メトロ半蔵門線|ＪＲ中央・総武線各駅停車
両国,東京都,,23048,その他,総武線,,Other,OTHER,ＪＲ中央・総武線各駅停車
浅草橋,東京都,,22496,その他,総武線,,Other,OTHER,都営地下鉄浅草線|ＪＲ中央・総武線各駅停車
御茶ノ水,東京都,,22582,その他,総武線,,Other,OTHER,ＪＲ中央線快速|東京メトロ丸ノ内線|ＪＲ中央・総武線各駅停車
水道橋,東京都,,22758,その他,総武線,,Other,OTHER,都営地下鉄三田線|ＪＲ中央・総武線各駅停車
飯田橋,東京都,,22507,その他,総武線,,Other,OTHER,東京メトロ東西線|東京メトロ有楽町線|ＪＲ中央・総武線各駅停車|東京メトロ南北線|都営地下鉄大江戸線
市ケ谷,東京都,,22520,その他,総武線,,Other,OTHER,東京メトロ南北線|東京メトロ有楽町線|都営地下鉄新宿線|ＪＲ中央・総武線各駅停車
四ツ谷,東京都,,23041,その他,総武線,,Other,OTHER,ＪＲ中央線快速|東京メトロ南北線|東京メトロ丸ノ内線|ＪＲ中央・総武線各駅停車
信濃町,東京都,,22710,その他,総武線,,Other,OTHER,ＪＲ中央・総武線各駅停車
千駄ケ谷,東京都,,22781,その他,総武線,,Other,OTHER,ＪＲ中央・総武線各駅停車
大久保(東京都),東京都,,22558,その他,総武線,大久保(東京都),Other,OTHER,ＪＲ中央・総武線各駅停車
東中野,東京都,,22936,その他,総武線,,Other,OTHER,都営地下鉄大江戸線|ＪＲ中央・総武線各駅停車
中野(東京都),東京都,,22849,その他,総武線,中野(東京都),Other,OTHER,ＪＲ中央線快速|東京メトロ東西線|ＪＲ中央・総武線各駅停車
高円寺,東京都,,22671,その他,総武線,,Other,OTHER,ＪＲ中央線快速|ＪＲ中央・総武線各駅停車
阿佐ケ谷,東京都,,22494,その他,総武線,,Other,OTHER,ＪＲ中央線快速|ＪＲ中央・総武線各駅停車
荻窪,東京都,,22573,その他,総武線,,Other,OTHER,ＪＲ中央線快速|東京メトロ丸ノ内線|ＪＲ中央・総武線各駅停車
西荻窪,東京都,,22867,その他,総武線,,Other,OTHER,ＪＲ中央線快速|ＪＲ中央・総武線各駅停車
吉祥寺,東京都,,22637,その他,総武線,,Other,OTHER,ＪＲ中央線快速|京王井の頭線|ＪＲ中央・総武線各駅停車
三鷹,東京都,,22986,その他,総武線,,Other,OTHER,ＪＲ中央線快速|ＪＲ中央・総武線各駅停車
立川,東京都,,22799,その他,青梅線,,Other,OTHER,ＪＲ中央線快速|ＪＲ青梅線|ＪＲ南武線
西立川,東京都,,22877,その他,青梅線,,Other,OTHER,ＪＲ青梅線
東中神,東京都,,22935,その他,青梅線,,Other,OTHER,ＪＲ青梅線
中神,東京都,,22847,その他,青梅線,,Other,OTHER,ＪＲ青梅線
昭島,東京都,,22490,その他,青梅線,,Other,OTHER,ＪＲ青梅線
拝島,東京都,,22895,その他,青梅線,,Other,OTHER,ＪＲ青梅線|ＪＲ五日市線|西武拝島線|ＪＲ八高線
牛浜,東京都,,22533,その他,青梅線,,Other,OTHER,ＪＲ青梅線
福生,東京都,,22955,その他,青梅線,,Other,OTHER,ＪＲ青梅線
羽村,東京都,,22915,その他,青梅線,,Other,OTHER,ＪＲ青梅線
小作,東京都,,22577,その他,青梅線,,Other,OTHER,ＪＲ青梅線
河辺,東京都,,22601,その他,青梅線,,Other,OTHER,ＪＲ青梅線
東青梅,東京都,,22926,その他,青梅線,,Other,OTHER,ＪＲ青梅線
青梅,東京都,,22552,その他,青梅線,,Other,OTHER,ＪＲ青梅線
宮ノ平,東京都,,23002,その他,青梅線,,Other,OTHER,ＪＲ青梅線
日向和田,東京都,,22948,その他,青梅線,,Other,OTHER,ＪＲ青梅線
石神前,東京都,,22515,その他,青梅線,,Other,OTHER,ＪＲ青梅線
二俣尾,東京都,,22959,その他,青梅線,,Other,OTHER,ＪＲ青梅線
軍畑,東京都,,22509,その他,青梅線,,Other,OTHER,ＪＲ青梅線
沢井,東京都,,22701,その他,青梅線,,Other,OTHER,ＪＲ青梅線
御嶽,東京都,,22988,その他,青梅線,,Other,OTHER,ＪＲ青梅線
川井,東京都,,22616,その他,青梅線,,Other,OTHER,ＪＲ青梅線
古里(東京都),東京都,,22687,その他,青梅線,古里(東京都),Other,OTHER,ＪＲ青梅線
鳩ノ巣,東京都,,22908,その他,青梅線,,Other,OTHER,ＪＲ青梅線
白丸(東京都),東京都,,22727,その他,青梅線,白丸(東京都),Other,OTHER,ＪＲ青梅線
奥多摩,東京都,,22576,その他,青梅線,,Other,OTHER,ＪＲ青梅線
武蔵境,東京都,,23008,その他,中央線,,Other,OTHER,ＪＲ中央線快速|西武多摩川線
東小金井,東京都,,22933,その他,中央線,,Other,OTHER,ＪＲ中央線快速
武蔵小金井,東京都,,23006,その他,中央線,,Other,OTHER,ＪＲ中央線快速
国分寺,東京都,,22676,その他,中央線,,Other,OTHER,ＪＲ中央線快速|西武多摩湖線|西武国分寺線
西国分寺,東京都,,22872,その他,中央線,,Other,OTHER,ＪＲ中央線快速|ＪＲ武蔵野線
国立,東京都,,22646,その他,中央線,,Other,OTHER,ＪＲ中央線快速
日野(東京都),東京都,,22949,その他,中央線,日野(東京都),Other,OTHER,ＪＲ中央線快速
豊田,東京都,,22840,その他,中央線,,Other,OTHER,ＪＲ中央線快速
八王子,東京都,,22905,その他,中央線,,Other,OTHER,ＪＲ中央線快速|ＪＲ横浜線|ＪＲ八高線
西八王子,東京都,,22881,その他,中央線,,Other,OTHER,ＪＲ中央線快速
高尾(東京都),東京都,,22787,その他,中央線,高尾(東京都),Other,OTHER,ＪＲ中央線快速|ＪＲ中央本線|京王高尾線
赤羽,東京都,,22487,その他,京浜東北線,,Other,OTHER,ＪＲ宇都宮線|ＪＲ高崎線|ＪＲ京浜東北線|ＪＲ宇都宮線・高崎線|ＪＲ埼京線
東十条,東京都,,22934,その他,京浜東北線,,Other,OTHER,ＪＲ京浜東北線
王子,東京都,,22549,その他,京浜東北線,,Other,OTHER,東京メトロ南北線|ＪＲ京浜東北線
上中里,東京都,,22607,その他,京浜東北線,,Other,OTHER,ＪＲ京浜東北線
大井町,東京都,,22556,その他,京浜東北線,,Other,OTHER,東京臨海高速鉄道りんかい線|ＪＲ京浜東北線|東急大井町線
大森(東京都),東京都,,22566,その他,京浜東北線,大森(東京都),Other,OTHER,ＪＲ京浜東北線
蒲田,東京都,,22602,その他,京浜東北線,,Other,OTHER,東急池上線|ＪＲ京浜東北線|東急多摩川線
矢野口,東京都,,23029,その他,南武線,,Other,OTHER,ＪＲ南武線
稲城長沼,東京都,,22523,その他,南武線,,Other,OTHER,ＪＲ南武線
南多摩,東京都,,22996,その他,南武線,,Other,OTHER,ＪＲ南武線
府中本町,東京都,,22963,その他,南武線,,Other,OTHER,ＪＲ武蔵野線|ＪＲ南武線
分倍河原,東京都,,22966,その他,南武線,,Other,OTHER,京王線|ＪＲ南武線
西府,東京都,,29639,その他,南武線,,Other,OTHER,ＪＲ南武線
谷保,東京都,,23031,その他,南武線,,Other,OTHER,ＪＲ南武線
矢川,東京都,,23025,その他,南武線,,Other,OTHER,ＪＲ南武線
西国立,東京都,,22871,その他,南武線,,Other,OTHER,ＪＲ南武線
板橋,東京都,,22517,その他,埼京線,,Other,OTHER,ＪＲ埼京線
十条(東京都),東京都,,22754,その他,埼京線,十条(東京都),Other,OTHER,ＪＲ埼京線
北赤羽,東京都,,22626,その他,埼京線,,Other,OTHER,ＪＲ埼京線
浮間舟渡,東京都,,22530,その他,埼京線,,Other,OTHER,ＪＲ埼京線
三河島,東京都,,22983,その他,常磐線,,Other,OTHER,ＪＲ常磐線快速
南千住,東京都,,22995,その他,常磐線,,Other,OTHER,ＪＲ常磐線快速|東京メトロ日比谷線
北千住,東京都,,22630,その他,常磐線,,Other,OTHER,ＪＲ常磐線快速|東京メトロ千代田線|東京メトロ日比谷線
綾瀬,東京都,,22499,その他,常磐線,,Other,OTHER,ＪＲ常磐線各駅停車|東京メトロ千代田線
亀有,東京都,,22611,その他,常磐線,,Other,OTHER,ＪＲ常磐線各駅停車
金町(東京都),東京都,,22598,その他,常磐線,金町(東京都),Other,OTHER,ＪＲ常磐線各駅停車
熊川,東京都,,22648,その他,五日市線,,Other,OTHER,ＪＲ五日市線
東秋留,東京都,,22922,その他,五日市線,,Other,OTHER,ＪＲ五日市線
秋川,東京都,,22489,その他,五日市線,,Other,OTHER,ＪＲ五日市線
武蔵引田,東京都,,23013,その他,五日市線,,Other,OTHER,ＪＲ五日市線
武蔵増戸,東京都,,23014,その他,五日市線,,Other,OTHER,ＪＲ五日市線
武蔵五日市,東京都,,23005,その他,五日市線,,Other,OTHER,ＪＲ五日市線
北八王子,東京都,,22634,その他,八高線,,Other,OTHER,ＪＲ八高線
小宮,東京都,,22686,その他,八高線,,Other,OTHER,ＪＲ八高線
東福生,東京都,,22939,その他,八高線,,Other,OTHER,ＪＲ八高線
箱根ケ崎,東京都,,22899,その他,八高線,,Other,OTHER,ＪＲ八高線
八丁堀(東京都),東京都,,22894,その他,京葉線,八丁堀(東京都),Other,OTHER,ＪＲ京葉線|東京メトロ日比谷線
越中島,東京都,,22539,その他,京葉線,,Other,OTHER,ＪＲ京葉線
潮見,東京都,,22708,その他,京葉線,,Other,OTHER,ＪＲ京葉線
新木場,東京都,,22733,その他,京葉線,,Other,OTHER,ＪＲ京葉線|東京臨海高速鉄道りんかい線|東京メトロ有楽町線
葛西臨海公園,東京都,,22593,その他,京葉線,,Other,OTHER,ＪＲ京葉線
成瀬,東京都,,22861,その他,横浜線,,Other,OTHER,ＪＲ横浜線
町田,東京都,,22976,その他,横浜線,,Other,OTHER,ＪＲ横浜線|小田急小田原線
相原,東京都,,22481,その他,横浜線,,Other,OTHER,ＪＲ横浜線
八王子みなみ野,東京都,,29177,その他,横浜線,,Other,OTHER,ＪＲ横浜線
片倉,東京都,,22597,その他,横浜線,,Other,OTHER,ＪＲ横浜線
北府中,東京都,,22635,その他,武蔵野線,,Other,OTHER,ＪＲ武蔵野線
新小平,東京都,,22738,その他,武蔵野線,,Other,OTHER,ＪＲ武蔵野線
新秋津,東京都,,22728,その他,武蔵野線,,Other,OTHER,ＪＲ武蔵野線
新日本橋,東京都,,22750,その他,総武本線,,Other,OTHER,ＪＲ総武線快速
馬喰町,東京都,,22918,その他,総武本線,,Other,OTHER,ＪＲ総武線快速
西大井,東京都,,22865,その他,横須賀線,,Other,OTHER,武蔵小杉・羽沢横浜国大・相鉄線直通方面|ＪＲ湘南新宿ライン・埼京・相鉄直通線|ＪＲ横須賀線|ＪＲ埼京・相鉄直通線
尾久,東京都,,22574,その他,高崎線,,Other,OTHER,ＪＲ宇都宮線|ＪＲ高崎線|ＪＲ宇都宮線・高崎線
川崎,神奈川県,,23126,その他,南武線,,Other,OTHER,ＪＲ京浜東北線|ＪＲ南武線|ＪＲ東海道本線
尻手,神奈川県,,23195,その他,南武線,,Other,OTHER,ＪＲ南武線
矢向,神奈川県,,23355,その他,南武線,,Other,OTHER,ＪＲ南武線
鹿島田,神奈川県,,23104,その他,南武線,,Other,OTHER,ＪＲ南武線
平間,神奈川県,,23300,その他,南武線,,Other,OTHER,ＪＲ南武線
向河原,神奈川県,,23343,その他,南武線,,Other,OTHER,ＪＲ南武線
武蔵小杉,神奈川県,,23345,その他,南武線,,Other,OTHER,東急目黒線|東急東横線|ＪＲ埼京・相鉄直通線|羽沢横浜国大・相鉄線直通方面|ＪＲ湘南新宿ライン・埼京・相鉄直通線|ＪＲ横須賀線|ＪＲ南武線
武蔵中原,神奈川県,,23348,その他,南武線,,Other,OTHER,ＪＲ南武線
武蔵新城,神奈川県,,23347,その他,南武線,,Other,OTHER,ＪＲ南武線
武蔵溝ノ口,神奈川県,,23349,その他,南武線,,Other,OTHER,ＪＲ南武線
津田山,神奈川県,,23239,その他,南武線,,Other,OTHER,ＪＲ南武線
久地,神奈川県,,23139,その他,南武線,,Other,OTHER,ＪＲ南武線
宿河原,神奈川県,,23188,その他,南武線,,Other,OTHER,ＪＲ南武線
登戸,神奈川県,,23275,その他,南武線,,Other,OTHER,小田急小田原線|ＪＲ南武線
中野島,神奈川県,,23257,その他,南武線,,Other,OTHER,ＪＲ南武線
稲田堤,神奈川県,,23076,その他,南武線,,Other,OTHER,ＪＲ南武線
八丁畷,神奈川県,,23277,その他,南武線,,Other,OTHER,京急本線|ＪＲ南武線
川崎新町,神奈川県,,23127,その他,南武線,,Other,OTHER,ＪＲ南武線
小田栄,神奈川県,,29768,その他,南武線,,Other,OTHER,ＪＲ南武線
浜川崎,神奈川県,,23284,その他,南武線,,Other,OTHER,ＪＲ鶴見線|ＪＲ南武線
茅ケ崎,神奈川県,,23234,その他,相模線,,Other,OTHER,ＪＲ相模線|ＪＲ東海道本線
北茅ケ崎,神奈川県,,23134,その他,相模線,,Other,OTHER,ＪＲ相模線
香川,神奈川県,,23100,その他,相模線,,Other,OTHER,ＪＲ相模線
寒川,神奈川県,,23183,その他,相模線,,Other,OTHER,ＪＲ相模線
宮山,神奈川県,,23341,その他,相模線,,Other,OTHER,宮山 → 海老名(相模線)|ＪＲ相模線|海老名(相模線) → 宮山
倉見,神奈川県,,23140,その他,相模線,,Other,OTHER,ＪＲ相模線|海老名(相模線) → 倉見|倉見 → 海老名(相模線)
門沢橋,神奈川県,,23110,その他,相模線,,Other,OTHER,ＪＲ相模線|門沢橋 → 海老名(相模線)|海老名(相模線) → 門沢橋
社家,神奈川県,,23187,その他,相模線,,Other,OTHER,ＪＲ相模線|社家 → 海老名(相模線)|海老名(相模線) → 社家
厚木,神奈川県,,23060,その他,相模線,,Other,OTHER,ＪＲ相模線|小田急小田原線
海老名(相模線),神奈川県,,23087,その他,相模線,海老名(相模線),Other,OTHER,寒川 → 海老名(相模線)|海老名(相模線) → 横浜|平塚 → 海老名(相模線)|ＪＲ相模線|海老名(相模線) → 原当麻|海老名(相模線) → 上溝|茅ケ崎 → 海老名(相模線)|上溝 → 海老名(相模線)|海老名(相模線) → 橋本(神奈川県)|海老名(相模線) → 茅ケ崎|橋本(神奈川県) → 海老名(相模線)
入谷(神奈川県),神奈川県,,23079,その他,相模線,入谷(神奈川県),Other,OTHER,ＪＲ相模線|海老名(相模線) → 入谷(神奈川県)|入谷(神奈川県) → 海老名(相模線)
相武台下,神奈川県,,23222,その他,相模線,,Other,OTHER,海老名(相模線) → 相武台下|相武台下 → 海老名(相模線)|ＪＲ相模線
下溝,神奈川県,,23202,その他,相模線,,Other,OTHER,海老名(相模線) → 下溝|ＪＲ相模線|下溝 → 海老名(相模線)
原当麻,神奈川県,,23286,その他,相模線,,Other,OTHER,ＪＲ相模線|原当麻 → 海老名(相模線)|海老名(相模線) → 原当麻
番田(神奈川県),神奈川県,,23287,その他,相模線,番田(神奈川県),Other,OTHER,ＪＲ相模線|海老名(相模線) → 番田(神奈川県)
上溝,神奈川県,,23122,その他,相模線,,Other,OTHER,ＪＲ相模線|海老名(相模線) → 上溝|上溝 → 海老名(相模線)
南橋本,神奈川県,,23335,その他,相模線,,Other,OTHER,ＪＲ相模線
橋本(神奈川県),神奈川県,,23281,その他,相模線,橋本(神奈川県),Other,OTHER,京王相模原線|ＪＲ相模線|ＪＲ横浜線
横浜,神奈川県,,23368,その他,東海道本線,,Other,OTHER,みなとみらい線|ＪＲ京浜東北線|東急東横線|相鉄本線|ＪＲ根岸線|ＪＲ東海道本線|ＪＲ横浜線|ＪＲ横須賀線|京急本線
戸塚,神奈川県,,23251,その他,東海道本線,,Other,OTHER,ＪＲ横須賀線|ＪＲ東海道本線
大船,神奈川県,,23096,その他,東海道本線,,Other,OTHER,ＪＲ横須賀線|ＪＲ根岸線|ＪＲ東海道本線
藤沢,神奈川県,,23304,その他,東海道本線,,Other,OTHER,小田急江ノ島線|ＪＲ東海道本線
辻堂,神奈川県,,23238,その他,東海道本線,,Other,OTHER,ＪＲ東海道本線
平塚,神奈川県,,23298,その他,東海道本線,,Other,OTHER,ＪＲ東海道本線
大磯,神奈川県,,23091,その他,東海道本線,,Other,OTHER,ＪＲ東海道本線
二宮,神奈川県,,23269,その他,東海道本線,,Other,OTHER,ＪＲ東海道本線
国府津,神奈川県,,23156,その他,東海道本線,,Other,OTHER,ＪＲ御殿場線|ＪＲ東海道本線
鴨宮,神奈川県,,23124,その他,東海道本線,,Other,OTHER,ＪＲ東海道本線
小田原,神奈川県,,23098,その他,東海道本線,,Other,OTHER,ＪＲ東海道新幹線|伊豆箱根鉄道大雄山線|小田急小田原線|箱根登山線|ＪＲ東海道本線
早川,神奈川県,,23285,その他,東海道本線,,Other,OTHER,ＪＲ東海道本線
根府川,神奈川県,,23271,その他,東海道本線,,Other,OTHER,ＪＲ東海道本線
真鶴,神奈川県,,23324,その他,東海道本線,,Other,OTHER,ＪＲ東海道本線
湯河原,神奈川県,,23363,その他,東海道本線,,Other,OTHER,ＪＲ東海道本線
新川崎,神奈川県,,23204,その他,横須賀線,,Other,OTHER,ＪＲ横須賀線
保土ケ谷,神奈川県,,23316,その他,横須賀線,,Other,OTHER,ＪＲ横須賀線
東戸塚,神奈川県,,23291,その他,横須賀線,,Other,OTHER,ＪＲ横須賀線
北鎌倉,神奈川県,,23132,その他,横須賀線,,Other,OTHER,ＪＲ横須賀線
鎌倉,神奈川県,,23116,その他,横須賀線,,Other,OTHER,ＪＲ横須賀線
逗子,神奈川県,,23217,その他,横須賀線,,Other,OTHER,ＪＲ横須賀線
東逗子,神奈川県,,23290,その他,横須賀線,,Other,OTHER,ＪＲ横須賀線
田浦,神奈川県,,23224,その他,横須賀線,,Other,OTHER,ＪＲ横須賀線
横須賀,神奈川県,,23366,その他,横須賀線,,Other,OTHER,ＪＲ横須賀線
衣笠,神奈川県,,23135,その他,横須賀線,,Other,OTHER,ＪＲ横須賀線
久里浜,神奈川県,,23141,その他,横須賀線,,Other,OTHER,ＪＲ横須賀線
東神奈川,神奈川県,,23289,その他,横浜線,,Other,OTHER,ＪＲ横浜線|ＪＲ京浜東北線
大口,神奈川県,,23094,その他,横浜線,,Other,OTHER,ＪＲ横浜線
菊名,神奈川県,,23130,その他,横浜線,,Other,OTHER,ＪＲ横浜線|東急東横線
新横浜,神奈川県,,23212,その他,横浜線,,Other,OTHER,ＪＲ東海道新幹線|ＪＲ横浜線|東急新横浜線|相鉄新横浜線
小机,神奈川県,,23163,その他,横浜線,,Other,OTHER,ＪＲ横浜線
鴨居,神奈川県,,23123,その他,横浜線,,Other,OTHER,ＪＲ横浜線
中山(神奈川県),神奈川県,,23259,その他,横浜線,中山(神奈川県),Other,OTHER,ＪＲ横浜線
十日市場(神奈川県),神奈川県,,23250,その他,横浜線,十日市場(神奈川県),Other,OTHER,ＪＲ横浜線
長津田,神奈川県,,23260,その他,横浜線,,Other,OTHER,ＪＲ横浜線|東急田園都市線|こどもの国線
古淵,神奈川県,,23165,その他,横浜線,,Other,OTHER,ＪＲ横浜線
淵野辺,神奈川県,,23311,その他,横浜線,,Other,OTHER,ＪＲ横浜線
矢部,神奈川県,,23357,その他,横浜線,,Other,OTHER,ＪＲ横浜線
相模原,神奈川県,,23177,その他,横浜線,,Other,OTHER,ＪＲ横浜線
鶴見,神奈川県,,23244,その他,鶴見線,,Other,OTHER,ＪＲ鶴見線|ＪＲ京浜東北線
国道,神奈川県,,23160,その他,鶴見線,,Other,OTHER,ＪＲ鶴見線
鶴見小野,神奈川県,,23246,その他,鶴見線,,Other,OTHER,ＪＲ鶴見線
弁天橋,神奈川県,,23313,その他,鶴見線,,Other,OTHER,ＪＲ鶴見線
浅野,神奈川県,,23057,その他,鶴見線,,Other,OTHER,ＪＲ鶴見線
安善,神奈川県,,23063,その他,鶴見線,,Other,OTHER,ＪＲ鶴見線
武蔵白石,神奈川県,,23346,その他,鶴見線,,Other,OTHER,ＪＲ鶴見線
昭和,神奈川県,,23194,その他,鶴見線,,Other,OTHER,ＪＲ鶴見線
扇町(神奈川県),神奈川県,,23090,その他,鶴見線,扇町(神奈川県),Other,OTHER,ＪＲ鶴見線
新芝浦,神奈川県,,23206,その他,鶴見線,,Other,OTHER,ＪＲ鶴見線
海芝浦,神奈川県,,23081,その他,鶴見線,,Other,OTHER,ＪＲ鶴見線
大川,神奈川県,,23092,その他,鶴見線,,Other,OTHER,ＪＲ鶴見線
桜木町,神奈川県,,23180,その他,根岸線,,Other,OTHER,ＪＲ根岸線
関内,神奈川県,,23129,その他,根岸線,,Other,OTHER,ＪＲ根岸線
石川町,神奈川県,,23067,その他,根岸線,,Other,OTHER,ＪＲ根岸線
山手,神奈川県,,23359,その他,根岸線,,Other,OTHER,ＪＲ根岸線
根岸(神奈川県),神奈川県,,23270,その他,根岸線,根岸(神奈川県),Other,OTHER,ＪＲ根岸線
磯子,神奈川県,,23073,その他,根岸線,,Other,OTHER,ＪＲ根岸線
新杉田,神奈川県,,23207,その他,根岸線,,Other,OTHER,ＪＲ根岸線
洋光台,神奈川県,,23365,その他,根岸線,,Other,OTHER,ＪＲ根岸線
港南台,神奈川県,,23157,その他,根岸線,,Other,OTHER,ＪＲ根岸線
本郷台,神奈川県,,23320,その他,根岸線,,Other,OTHER,ＪＲ根岸線
下曽我,神奈川県,,23200,その他,御殿場線,,Other,OTHER,ＪＲ御殿場線
上大井,神奈川県,,23118,その他,御殿場線,,Other,OTHER,ＪＲ御殿場線
相模金子,神奈川県,,23173,その他,御殿場線,,Other,OTHER,ＪＲ御殿場線
松田,神奈川県,,23323,その他,御殿場線,,Other,OTHER,ＪＲ御殿場線
東山北,神奈川県,,23294,その他,御殿場線,,Other,OTHER,ＪＲ御殿場線
山北,神奈川県,,23358,その他,御殿場線,,Other,OTHER,ＪＲ御殿場線
谷峨,神奈川県,,23354,その他,御殿場線,,Other,OTHER,ＪＲ御殿場線
新子安,神奈川県,,23205,その他,京浜東北線,,Other,OTHER,ＪＲ京浜東北線
羽沢横浜国大,神奈川県,,29682,その他,相鉄直通線,,Other,OTHER,ＪＲ埼京・相鉄直通線|相鉄新横浜線
相模湖,神奈川県,,23174,その他,中央本線,,Other,OTHER,ＪＲ中央本線
藤野,神奈川県,,23306,その他,中央本線,,Other,OTHER,ＪＲ中央本線
二子新地,神奈川県,,23309,その他,田園都市線,,Other,OTHER,東急大井町線|東急田園都市線
高津(神奈川県),神奈川県,,23226,その他,田園都市線,高津(神奈川県),Other,OTHER,東急大井町線|東急田園都市線
溝の口,神奈川県,,23328,その他,田園都市線,,Other,OTHER,東急大井町線|東急田園都市線
梶が谷,神奈川県,,23106,その他,田園都市線,,Other,OTHER,東急田園都市線
宮崎台,神奈川県,,23338,その他,田園都市線,,Other,OTHER,東急田園都市線
宮前平,神奈川県,,23340,その他,田園都市線,,Other,OTHER,東急田園都市線
鷺沼,神奈川県,,23178,その他,田園都市線,,Other,OTHER,東急田園都市線
たまプラーザ,神奈川県,,23228,その他,田園都市線,,Other,OTHER,東急田園都市線
あざみ野,神奈川県,,23058,その他,田園都市線,,Other,OTHER,東急田園都市線
江田(神奈川県),神奈川県,,23085,その他,田園都市線,江田(神奈川県),Other,OTHER,東急田園都市線
市が尾,神奈川県,,23074,その他,田園都市線,,Other,OTHER,東急田園都市線
藤が丘(神奈川県),神奈川県,,23303,その他,田園都市線,藤が丘(神奈川県),Other,OTHER,東急田園都市線
青葉台,神奈川県,,23056,その他,田園都市線,,Other,OTHER,東急田園都市線
田奈,神奈川県,,23227,その他,田園都市線,,Other,OTHER,東急田園都市線
つきみ野,神奈川県,,23236,その他,田園都市線,,Other,OTHER,東急田園都市線
中央林間,神奈川県,,23231,その他,田園都市線,,Other,OTHER,東急田園都市線|小田急江ノ島線
新丸子,神奈川県,,23210,その他,東横線,,Other,OTHER,東急東横線|東急目黒線
元住吉,神奈川県,,23353,その他,東横線,,Other,OTHER,東急東横線|東急目黒線
日吉(神奈川県),神奈川県,,23297,その他,東横線,日吉(神奈川県),Other,OTHER,東急東横線|東急新横浜線|東急目黒線
綱島,神奈川県,,23240,その他,東横線,,Other,OTHER,東急東横線
大倉山(神奈川県),神奈川県,,23093,その他,東横線,大倉山(神奈川県),Other,OTHER,東急東横線
妙蓮寺,神奈川県,,23342,その他,東横線,,Other,OTHER,東急東横線
白楽,神奈川県,,23278,その他,東横線,,Other,OTHER,東急東横線
東白楽,神奈川県,,23292,その他,東横線,,Other,OTHER,東急東横線
反町,神奈川県,,23229,その他,東横線,,Other,OTHER,東急東横線
新綱島,神奈川県,,29939,その他,新横浜線,,Other,OTHER,東急新横浜線
京急川崎,神奈川県,,23147,その他,本線,,Other,OTHER,京急大師線|京急本線
鶴見市場,神奈川県,,23245,その他,本線,,Other,OTHER,京急本線
京急鶴見,神奈川県,,23151,その他,本線,,Other,OTHER,京急鶴見 → 金沢八景(京急線)|京急本線
花月総持寺,神奈川県,,23102,その他,本線,,Other,OTHER,京急本線
生麦,神奈川県,,23261,その他,本線,,Other,OTHER,京急本線
京急新子安,神奈川県,,23149,その他,本線,,Other,OTHER,京急本線
子安,神奈川県,,23166,その他,本線,,Other,OTHER,京急本線
神奈川新町,神奈川県,,23112,その他,本線,,Other,OTHER,京急本線
京急東神奈川,神奈川県,,23256,その他,本線,,Other,OTHER,京急本線
神奈川,神奈川県,,23111,その他,本線,,Other,OTHER,京急本線
戸部,神奈川県,,23252,その他,本線,,Other,OTHER,京急本線
日ノ出町,神奈川県,,23296,その他,本線,,Other,OTHER,金沢八景(京急線) → 日ノ出町|京急本線
黄金町,神奈川県,,23159,その他,本線,,Other,OTHER,京急本線
南太田,神奈川県,,23334,その他,本線,,Other,OTHER,京急本線
井土ケ谷,神奈川県,,23075,その他,本線,,Other,OTHER,京急本線
弘明寺(京急線),神奈川県,,23144,その他,本線,弘明寺(京急線),Other,OTHER,弘明寺(京急線) → 京急川崎|弘明寺(京急線) → 横浜|弘明寺(京急線) → 上大岡|渋谷 → 弘明寺(京急線)|横浜 → 弘明寺(京急線)|上大岡 → 弘明寺(京急線)|京急川崎 → 弘明寺(京急線)|品川 → 弘明寺(京急線)|京急本線|弘明寺(京急線) → 渋谷|弘明寺(京急線) → 羽田空港第１・第２ターミナル(京急)
上大岡,神奈川県,,23119,その他,本線,,Other,OTHER,金沢八景(京急線) → 上大岡|京急本線
屏風浦,神奈川県,,23301,その他,本線,,Other,OTHER,京急本線|金沢八景(京急線) → 屏風浦
杉田(神奈川県),神奈川県,,23215,その他,本線,杉田(神奈川県),Other,OTHER,京急本線
京急富岡,神奈川県,,23152,その他,本線,,Other,OTHER,京急本線
能見台,神奈川県,,23272,その他,本線,,Other,OTHER,京急本線
金沢文庫,神奈川県,,23115,その他,本線,,Other,OTHER,京急本線
金沢八景(京急線),神奈川県,,23113,その他,本線,金沢八景(京急線),Other,OTHER,金沢八景(京急線) → 渋谷|品川 → 金沢八景(京急線)|上大岡 → 金沢八景(京急線)|渋谷 → 金沢八景(京急線)|金沢八景(京急線) → 新横浜|大船 → 金沢八景(京急線)|京急逗子線|金沢八景(京急線) → 横浜|金沢八景(京急線) → 横須賀中央|金沢八景(京急線) → 上大岡|横浜 → 金沢八景(京急線)|京急本線
追浜,神奈川県,,23089,その他,本線,,Other,OTHER,金沢八景(京急線) → 追浜|京急本線
京急田浦,神奈川県,,23150,その他,本線,,Other,OTHER,京急本線
安針塚,神奈川県,,23062,その他,本線,,Other,OTHER,金沢八景(京急線) → 安針塚|京急本線
逸見,神奈川県,,23312,その他,本線,,Other,OTHER,京急本線
汐入,神奈川県,,23196,その他,本線,,Other,OTHER,金沢八景(京急線) → 汐入|京急本線
横須賀中央,神奈川県,,23367,その他,本線,,Other,OTHER,京急本線
県立大学,神奈川県,,23154,その他,本線,,Other,OTHER,京急本線|金沢八景(京急線) → 県立大学
堀ノ内,神奈川県,,23317,その他,本線,,Other,OTHER,京急久里浜線|京急本線
京急大津,神奈川県,,23146,その他,本線,,Other,OTHER,京急本線
馬堀海岸,神奈川県,,23325,その他,本線,,Other,OTHER,京急本線
浦賀,神奈川県,,23084,その他,本線,,Other,OTHER,金沢八景(京急線) → 浦賀|京急本線
新大津,神奈川県,,23203,その他,久里浜線,,Other,OTHER,京急久里浜線
北久里浜,神奈川県,,23133,その他,久里浜線,,Other,OTHER,京急久里浜線
京急久里浜,神奈川県,,23148,その他,久里浜線,,Other,OTHER,京急久里浜線
ＹＲＰ野比,神奈川県,,23274,その他,久里浜線,,Other,OTHER,京急久里浜線
京急長沢,神奈川県,,23153,その他,久里浜線,,Other,OTHER,京急久里浜線
津久井浜,神奈川県,,23237,その他,久里浜線,,Other,OTHER,京急久里浜線
三浦海岸,神奈川県,,23326,その他,久里浜線,,Other,OTHER,京急久里浜線
三崎口,神奈川県,,23327,その他,久里浜線,,Other,OTHER,京急久里浜線
港町,神奈川県,,23333,その他,大師線,,Other,OTHER,京急大師線
鈴木町,神奈川県,,23216,その他,大師線,,Other,OTHER,京急大師線
川崎大師,神奈川県,,23128,その他,大師線,,Other,OTHER,京急大師線
東門前,神奈川県,,23293,その他,大師線,,Other,OTHER,京急大師線
大師橋,神奈川県,,23185,その他,大師線,,Other,OTHER,京急大師線
小島新田,神奈川県,,23162,その他,大師線,,Other,OTHER,京急大師線
浦和,埼玉県,,21982,その他,高崎線,,Other,OTHER,ＪＲ宇都宮線|ＪＲ高崎線|ＪＲ宇都宮線・高崎線|ＪＲ京浜東北線
さいたま新都心,埼玉県,,29315,その他,高崎線,,Other,OTHER,ＪＲ宇都宮線|ＪＲ高崎線|ＪＲ宇都宮線・高崎線|ＪＲ京浜東北線
大宮(埼玉県),埼玉県,,21987,その他,高崎線,大宮(埼玉県),Other,OTHER,ＪＲ東北新幹線|ＪＲ宇都宮線|ＪＲ高崎線|ＪＲ北陸新幹線|ＪＲ京浜東北線|ＪＲ川越線|ＪＲ山形新幹線|ＪＲ上越新幹線|ＪＲ埼京線|ＪＲ秋田新幹線
宮原,埼玉県,,22150,その他,高崎線,,Other,OTHER,ＪＲ高崎線
上尾,埼玉県,,21968,その他,高崎線,,Other,OTHER,ＪＲ高崎線
北上尾,埼玉県,,22015,その他,高崎線,,Other,OTHER,ＪＲ高崎線
桶川,埼玉県,,21992,その他,高崎線,,Other,OTHER,ＪＲ高崎線
北本,埼玉県,,22024,その他,高崎線,,Other,OTHER,ＪＲ高崎線
鴻巣,埼玉県,,22033,その他,高崎線,,Other,OTHER,ＪＲ高崎線
北鴻巣,埼玉県,,22020,その他,高崎線,,Other,OTHER,ＪＲ高崎線
吹上(埼玉県),埼玉県,,22122,その他,高崎線,吹上(埼玉県),Other,OTHER,ＪＲ高崎線
行田,埼玉県,,22026,その他,高崎線,,Other,OTHER,ＪＲ高崎線
熊谷,埼玉県,,22029,その他,高崎線,,Other,OTHER,ＪＲ高崎線|ＪＲ上越新幹線|ＪＲ北陸新幹線
籠原,埼玉県,,22000,その他,高崎線,,Other,OTHER,ＪＲ高崎線
深谷,埼玉県,,22121,その他,高崎線,,Other,OTHER,ＪＲ高崎線
岡部,埼玉県,,21990,その他,高崎線,,Other,OTHER,ＪＲ高崎線
本庄,埼玉県,,22132,その他,高崎線,,Other,OTHER,ＪＲ高崎線
神保原,埼玉県,,22063,その他,高崎線,,Other,OTHER,ＪＲ高崎線
東所沢,埼玉県,,22113,その他,武蔵野線,,Other,OTHER,ＪＲ武蔵野線
新座,埼玉県,,22090,その他,武蔵野線,,Other,OTHER,ＪＲ武蔵野線
北朝霞,埼玉県,,22016,その他,武蔵野線,,Other,OTHER,ＪＲ武蔵野線
西浦和,埼玉県,,22092,その他,武蔵野線,,Other,OTHER,ＪＲ武蔵野線
武蔵浦和,埼玉県,,22151,その他,武蔵野線,,Other,OTHER,ＪＲ武蔵野線|ＪＲ埼京線
南浦和,埼玉県,,22142,その他,武蔵野線,,Other,OTHER,ＪＲ武蔵野線|ＪＲ京浜東北線
東浦和,埼玉県,,22109,その他,武蔵野線,,Other,OTHER,ＪＲ武蔵野線
東川口,埼玉県,,22111,その他,武蔵野線,,Other,OTHER,ＪＲ武蔵野線
南越谷,埼玉県,,22145,その他,武蔵野線,,Other,OTHER,ＪＲ武蔵野線
越谷レイクタウン,埼玉県,,29601,その他,武蔵野線,,Other,OTHER,ＪＲ武蔵野線
吉川,埼玉県,,22165,その他,武蔵野線,,Other,OTHER,ＪＲ武蔵野線
吉川美南,埼玉県,,29697,その他,武蔵野線,,Other,OTHER,ＪＲ武蔵野線
新三郷,埼玉県,,22061,その他,武蔵野線,,Other,OTHER,ＪＲ武蔵野線
三郷(埼玉県),埼玉県,,22138,その他,武蔵野線,三郷(埼玉県),Other,OTHER,ＪＲ武蔵野線
金子,埼玉県,,22005,その他,八高線,,Other,OTHER,ＪＲ八高線
東飯能,埼玉県,,22114,その他,八高線,,Other,OTHER,西武池袋線|ＪＲ八高線
高麗川,埼玉県,,22038,その他,八高線,,Other,OTHER,ＪＲ八高線|ＪＲ川越線
毛呂,埼玉県,,22158,その他,八高線,,Other,OTHER,ＪＲ八高線
越生,埼玉県,,21993,その他,八高線,,Other,OTHER,ＪＲ八高線|東武越生線
明覚,埼玉県,,22137,その他,八高線,,Other,OTHER,ＪＲ八高線
小川町(埼玉県),埼玉県,,21991,その他,八高線,小川町(埼玉県),Other,OTHER,ＪＲ八高線|東武東上線
竹沢,埼玉県,,22072,その他,八高線,,Other,OTHER,ＪＲ八高線
折原,埼玉県,,21998,その他,八高線,,Other,OTHER,ＪＲ八高線
寄居,埼玉県,,22169,その他,八高線,,Other,OTHER,ＪＲ八高線|東武東上線
用土,埼玉県,,22163,その他,八高線,,Other,OTHER,ＪＲ八高線
松久,埼玉県,,22134,その他,八高線,,Other,OTHER,ＪＲ八高線
児玉,埼玉県,,22035,その他,八高線,,Other,OTHER,ＪＲ八高線
丹荘,埼玉県,,22074,その他,八高線,,Other,OTHER,ＪＲ八高線
日進(埼玉県),埼玉県,,22089,その他,川越線,日進(埼玉県),Other,OTHER,ＪＲ川越線
西大宮,埼玉県,,29640,その他,川越線,,Other,OTHER,ＪＲ川越線
指扇,埼玉県,,22043,その他,川越線,,Other,OTHER,ＪＲ川越線
南古谷,埼玉県,,22148,その他,川越線,,Other,OTHER,ＪＲ川越線
川越,埼玉県,,22012,その他,川越線,,Other,OTHER,ＪＲ川越線|東武東上線
西川越,埼玉県,,22095,その他,川越線,,Other,OTHER,ＪＲ川越線
的場,埼玉県,,22135,その他,川越線,,Other,OTHER,ＪＲ川越線
笠幡,埼玉県,,22001,その他,川越線,,Other,OTHER,ＪＲ川越線
武蔵高萩,埼玉県,,22152,その他,川越線,,Other,OTHER,ＪＲ川越線
土呂,埼玉県,,22084,その他,東北本線,,Other,OTHER,ＪＲ宇都宮線
東大宮,埼玉県,,22110,その他,東北本線,,Other,OTHER,ＪＲ宇都宮線
蓮田,埼玉県,,22100,その他,東北本線,,Other,OTHER,ＪＲ宇都宮線
白岡,埼玉県,,22051,その他,東北本線,,Other,OTHER,ＪＲ宇都宮線
新白岡,埼玉県,,22058,その他,東北本線,,Other,OTHER,ＪＲ宇都宮線
久喜,埼玉県,,22028,その他,東北本線,,Other,OTHER,ＪＲ宇都宮線|東武伊勢崎線
東鷲宮,埼玉県,,22118,その他,東北本線,,Other,OTHER,ＪＲ宇都宮線
栗橋,埼玉県,,22030,その他,東北本線,,Other,OTHER,東武日光線|ＪＲ宇都宮線
与野,埼玉県,,22167,その他,京浜東北線,,Other,OTHER,ＪＲ京浜東北線
北浦和,埼玉県,,22017,その他,京浜東北線,,Other,OTHER,ＪＲ京浜東北線
蕨,埼玉県,,22174,その他,京浜東北線,,Other,OTHER,ＪＲ京浜東北線
西川口,埼玉県,,22094,その他,京浜東北線,,Other,OTHER,ＪＲ京浜東北線
川口,埼玉県,,22011,その他,京浜東北線,,Other,OTHER,ＪＲ京浜東北線
戸田公園,埼玉県,,22082,その他,埼京線,,Other,OTHER,ＪＲ埼京線
戸田(埼玉県),埼玉県,,22081,その他,埼京線,戸田(埼玉県),Other,OTHER,ＪＲ埼京線
北戸田,埼玉県,,22023,その他,埼京線,,Other,OTHER,ＪＲ埼京線
中浦和,埼玉県,,22085,その他,埼京線,,Other,OTHER,ＪＲ埼京線
南与野,埼玉県,,22149,その他,埼京線,,Other,OTHER,ＪＲ埼京線
与野本町,埼玉県,,22168,その他,埼京線,,Other,OTHER,ＪＲ埼京線
北与野,埼玉県,,22025,その他,埼京線,,Other,OTHER,ＪＲ埼京線
本庄早稲田,埼玉県,,29484,その他,北陸新幹線,,Other,OTHER,ＪＲ上越新幹線|ＪＲ北陸新幹線
所沢,埼玉県,,22080,その他,池袋線,,Other,OTHER,西武池袋線|西武新宿線
西所沢,埼玉県,,22096,その他,池袋線,,Other,OTHER,西武池袋線|西武狭山線
小手指,埼玉県,,22036,その他,池袋線,,Other,OTHER,西武池袋線
狭山ケ丘,埼玉県,,22044,その他,池袋線,,Other,OTHER,西武池袋線
武蔵藤沢,埼玉県,,22153,その他,池袋線,,Other,OTHER,西武池袋線
稲荷山公園,埼玉県,,21976,その他,池袋線,,Other,OTHER,西武池袋線
入間市,埼玉県,,21978,その他,池袋線,,Other,OTHER,西武池袋線
仏子,埼玉県,,22125,その他,池袋線,,Other,OTHER,西武池袋線
元加治,埼玉県,,22157,その他,池袋線,,Other,OTHER,西武池袋線
飯能,埼玉県,,22106,その他,池袋線,,Other,OTHER,西武池袋線
高麗,埼玉県,,22037,その他,池袋線,,Other,OTHER,西武池袋線
武蔵横手,埼玉県,,22154,その他,池袋線,,Other,OTHER,西武池袋線
東吾野,埼玉県,,22107,その他,池袋線,,Other,OTHER,西武池袋線
吾野,埼玉県,,21966,その他,池袋線,,Other,OTHER,西武秩父線|西武池袋線
航空公園,埼玉県,,22032,その他,新宿線,,Other,OTHER,西武新宿線
新所沢,埼玉県,,22060,その他,新宿線,,Other,OTHER,西武新宿線
入曽,埼玉県,,21977,その他,新宿線,,Other,OTHER,西武新宿線
狭山市,埼玉県,,22045,その他,新宿線,,Other,OTHER,西武新宿線
新狭山,埼玉県,,22057,その他,新宿線,,Other,OTHER,西武新宿線
南大塚,埼玉県,,22143,その他,新宿線,,Other,OTHER,西武新宿線
本川越,埼玉県,,22131,その他,新宿線,,Other,OTHER,西武新宿線
西吾野,埼玉県,,22091,その他,西武秩父線,,Other,OTHER,西武秩父線
正丸,埼玉県,,22047,その他,西武秩父線,,Other,OTHER,西武秩父線
芦ケ久保,埼玉県,,21971,その他,西武秩父線,,Other,OTHER,西武秩父線
横瀬,埼玉県,,22164,その他,西武秩父線,,Other,OTHER,西武秩父線
西武秩父,埼玉県,,22066,その他,西武秩父線,,Other,OTHER,西武秩父線
下山口,埼玉県,,22050,その他,狭山線,,Other,OTHER,西武狭山線
西武球場前,埼玉県,,22065,その他,狭山線,,Other,OTHER,西武山口線|西武狭山線
西武園ゆうえんち,埼玉県,,23034,その他,山口線,,Other,OTHER,西武山口線
和光市,埼玉県,,22171,その他,東上線,,Other,OTHER,東京メトロ有楽町線・副都心線|東武東上線
朝霞,埼玉県,,21969,その他,東上線,,Other,OTHER,東武東上線
朝霞台,埼玉県,,21970,その他,東上線,,Other,OTHER,東武東上線
志木,埼玉県,,22048,その他,東上線,,Other,OTHER,東武東上線
柳瀬川,埼玉県,,22162,その他,東上線,,Other,OTHER,東武東上線
みずほ台,埼玉県,,22139,その他,東上線,,Other,OTHER,東武東上線
鶴瀬,埼玉県,,22077,その他,東上線,,Other,OTHER,東武東上線
ふじみ野,埼玉県,,22124,その他,東上線,,Other,OTHER,東武東上線
上福岡,埼玉県,,22008,その他,東上線,,Other,OTHER,東武東上線
新河岸,埼玉県,,22053,その他,東上線,,Other,OTHER,東武東上線
川越市,埼玉県,,22013,その他,東上線,,Other,OTHER,東武東上線
霞ケ関(埼玉県),埼玉県,,22003,その他,東上線,霞ケ関(埼玉県),Other,OTHER,東武東上線
鶴ケ島,埼玉県,,22076,その他,東上線,,Other,OTHER,東武東上線
若葉,埼玉県,,22170,その他,東上線,,Other,OTHER,東武東上線
坂戸(埼玉県),埼玉県,,22041,その他,東上線,坂戸(埼玉県),Other,OTHER,東武越生線|東武東上線
北坂戸,埼玉県,,22022,その他,東上線,,Other,OTHER,東武東上線
高坂,埼玉県,,22069,その他,東上線,,Other,OTHER,東武東上線
東松山,埼玉県,,22115,その他,東上線,,Other,OTHER,東武東上線
森林公園(埼玉県),埼玉県,,22062,その他,東上線,森林公園(埼玉県),Other,OTHER,東武東上線
つきのわ,埼玉県,,29383,その他,東上線,,Other,OTHER,東武東上線
武蔵嵐山,埼玉県,,22155,その他,東上線,,Other,OTHER,東武東上線
東武竹沢,埼玉県,,22078,その他,東上線,,Other,OTHER,東武東上線
みなみ寄居,埼玉県,,29837,その他,東上線,,Other,OTHER,東武東上線
男衾,埼玉県,,21995,その他,東上線,,Other,OTHER,東武東上線
鉢形,埼玉県,,22101,その他,東上線,,Other,OTHER,東武東上線
玉淀,埼玉県,,22073,その他,東上線,,Other,OTHER,東武東上線
谷塚,埼玉県,,22161,その他,伊勢崎線,,Other,OTHER,
草加,埼玉県,,22068,その他,伊勢崎線,,Other,OTHER,
獨協大学前,埼玉県,,22133,その他,伊勢崎線,,Other,OTHER,
新田(埼玉県),埼玉県,,22059,その他,伊勢崎線,新田(埼玉県),Other,OTHER,
蒲生,埼玉県,,22014,その他,伊勢崎線,,Other,OTHER,
新越谷,埼玉県,,22055,その他,伊勢崎線,,Other,OTHER,
越谷,埼玉県,,22034,その他,伊勢崎線,,Other,OTHER,
北越谷,埼玉県,,22021,その他,伊勢崎線,,Other,OTHER,
大袋,埼玉県,,21986,その他,伊勢崎線,,Other,OTHER,
せんげん台,埼玉県,,22067,その他,伊勢崎線,,Other,OTHER,
武里,埼玉県,,22071,その他,伊勢崎線,,Other,OTHER,
一ノ割,埼玉県,,21974,その他,伊勢崎線,,Other,OTHER,
春日部,埼玉県,,22002,その他,伊勢崎線,,Other,OTHER,
北春日部,埼玉県,,22019,その他,伊勢崎線,,Other,OTHER,
姫宮,埼玉県,,22120,その他,伊勢崎線,,Other,OTHER,
東武動物公園,埼玉県,,22079,その他,伊勢崎線,,Other,OTHER,東武日光線|東武伊勢崎線
和戸,埼玉県,,22173,その他,伊勢崎線,,Other,OTHER,東武伊勢崎線
鷲宮,埼玉県,,22172,その他,伊勢崎線,,Other,OTHER,東武伊勢崎線
花崎,埼玉県,,22102,その他,伊勢崎線,,Other,OTHER,東武伊勢崎線
加須,埼玉県,,22004,その他,伊勢崎線,,Other,OTHER,東武伊勢崎線
南羽生,埼玉県,,22147,その他,伊勢崎線,,Other,OTHER,東武伊勢崎線
羽生,埼玉県,,22103,その他,伊勢崎線,,Other,OTHER,東武伊勢崎線
北大宮,埼玉県,,22018,その他,野田線,,Other,OTHER,
大宮公園,埼玉県,,21988,その他,野田線,,Other,OTHER,
大和田(埼玉県),埼玉県,,21989,その他,野田線,大和田(埼玉県),Other,OTHER,
七里,埼玉県,,22088,その他,野田線,,Other,OTHER,
岩槻,埼玉県,,21979,その他,野田線,,Other,OTHER,
東岩槻,埼玉県,,22108,その他,野田線,,Other,OTHER,
豊春,埼玉県,,22083,その他,野田線,,Other,OTHER,
八木崎,埼玉県,,22160,その他,野田線,,Other,OTHER,
藤の牛島,埼玉県,,22123,その他,野田線,,Other,OTHER,
南桜井,埼玉県,,22146,その他,野田線,,Other,OTHER,
一本松(埼玉県),埼玉県,,21972,その他,越生線,一本松(埼玉県),Other,OTHER,東武越生線
西大家,埼玉県,,22093,その他,越生線,,Other,OTHER,東武越生線
川角,埼玉県,,22010,その他,越生線,,Other,OTHER,東武越生線
武州長瀬,埼玉県,,22129,その他,越生線,,Other,OTHER,東武越生線
東毛呂,埼玉県,,22117,その他,越生線,,Other,OTHER,東武越生線
武州唐沢,埼玉県,,22127,その他,越生線,,Other,OTHER,東武越生線
杉戸高野台,埼玉県,,22064,その他,日光線,,Other,OTHER,東武日光線
幸手,埼玉県,,22040,その他,日光線,,Other,OTHER,東武日光線
南栗橋,埼玉県,,22144,その他,日光線,,Other,OTHER,東武日光線
新古河,埼玉県,,22054,その他,日光線,,Other,OTHER,東武日光線
柳生,埼玉県,,22159,その他,日光線,,Other,OTHER,東武日光線
千葉,千葉県,,22361,その他,成田線,,Other,OTHER,千葉都市モノレール１号線|ＪＲ成田線|ＪＲ総武本線|ＪＲ中央・総武線各駅停車|ＪＲ総武線快速|千葉都市モノレール２号線|ＪＲ内房線|ＪＲ外房線
東千葉,千葉県,,22411,その他,成田線,,Other,OTHER,ＪＲ総武本線|ＪＲ成田線
都賀,千葉県,,22368,その他,成田線,,Other,OTHER,ＪＲ総武本線|千葉都市モノレール２号線|ＪＲ成田線
四街道,千葉県,,22479,その他,成田線,,Other,OTHER,ＪＲ総武本線|ＪＲ成田線
物井,千葉県,,22465,その他,成田線,,Other,OTHER,ＪＲ総武本線|ＪＲ成田線
佐倉,千葉県,,22306,その他,成田線,,Other,OTHER,ＪＲ総武本線|ＪＲ成田線
酒々井,千葉県,,22314,その他,成田線,,Other,OTHER,ＪＲ成田線
成田,千葉県,,22391,その他,成田線,,Other,OTHER,ＪＲ成田線
久住,千葉県,,22269,その他,成田線,,Other,OTHER,ＪＲ成田線
滑河,千葉県,,22388,その他,成田線,,Other,OTHER,ＪＲ成田線
下総神崎,千葉県,,22317,その他,成田線,,Other,OTHER,ＪＲ成田線
大戸,千葉県,,22214,その他,成田線,,Other,OTHER,ＪＲ成田線
佐原,千葉県,,22312,その他,成田線,,Other,OTHER,ＪＲ鹿島線|ＪＲ成田線
香取,千葉県,,22248,その他,成田線,,Other,OTHER,ＪＲ鹿島線|ＪＲ成田線
水郷,千葉県,,22337,その他,成田線,,Other,OTHER,ＪＲ成田線
小見川,千葉県,,22222,その他,成田線,,Other,OTHER,ＪＲ成田線
笹川,千葉県,,22308,その他,成田線,,Other,OTHER,ＪＲ成田線
下総橘,千葉県,,22318,その他,成田線,,Other,OTHER,ＪＲ成田線
下総豊里,千葉県,,22319,その他,成田線,,Other,OTHER,ＪＲ成田線
椎柴,千葉県,,22313,その他,成田線,,Other,OTHER,ＪＲ成田線
松岸,千葉県,,22443,その他,成田線,,Other,OTHER,ＪＲ総武本線|ＪＲ成田線
銚子,千葉県,,22354,その他,成田線,,Other,OTHER,ＪＲ総武本線|ＪＲ成田線
我孫子,千葉県,,22183,その他,成田線,,Other,OTHER,ＪＲ常磐線各駅停車|ＪＲ常磐線快速|ＪＲ成田線
東我孫子,千葉県,,22409,その他,成田線,,Other,OTHER,ＪＲ成田線
湖北,千葉県,,22300,その他,成田線,,Other,OTHER,ＪＲ成田線
新木(千葉県),千葉県,,22185,その他,成田線,新木(千葉県),Other,OTHER,ＪＲ成田線
布佐,千葉県,,22422,その他,成田線,,Other,OTHER,ＪＲ成田線
木下,千葉県,,22255,その他,成田線,,Other,OTHER,ＪＲ成田線
小林(千葉県),千葉県,,22299,その他,成田線,小林(千葉県),Other,OTHER,ＪＲ成田線
安食,千葉県,,22179,その他,成田線,,Other,OTHER,ＪＲ成田線
下総松崎,千葉県,,22321,その他,成田線,,Other,OTHER,ＪＲ成田線
空港第２ビル(鉄道),千葉県,,22267,その他,成田線,空港第２ビル(鉄道),Other,OTHER,京成本線|京成成田スカイアクセス線|ＪＲ成田線
成田空港(鉄道),千葉県,,22392,その他,成田線,成田空港(鉄道),Other,OTHER,京成本線|京成成田スカイアクセス線|ＪＲ成田線
蘇我,千葉県,,22341,その他,内房線,,Other,OTHER,ＪＲ京葉線|ＪＲ内房線|ＪＲ外房線
浜野,千葉県,,22406,その他,内房線,,Other,OTHER,ＪＲ内房線
八幡宿,千葉県,,22473,その他,内房線,,Other,OTHER,ＪＲ内房線
五井,千葉県,,22302,その他,内房線,,Other,OTHER,ＪＲ内房線
姉ケ崎,千葉県,,22182,その他,内房線,,Other,OTHER,ＪＲ内房線
長浦(千葉県),千葉県,,22382,その他,内房線,長浦(千葉県),Other,OTHER,ＪＲ内房線
袖ケ浦,千葉県,,22342,その他,内房線,,Other,OTHER,ＪＲ内房線
巌根,千葉県,,22202,その他,内房線,,Other,OTHER,ＪＲ内房線
木更津,千葉県,,22256,その他,内房線,,Other,OTHER,ＪＲ久留里線|ＪＲ内房線
君津,千葉県,,22264,その他,内房線,,Other,OTHER,ＪＲ内房線
青堀,千葉県,,22175,その他,内房線,,Other,OTHER,ＪＲ内房線
大貫,千葉県,,22215,その他,内房線,,Other,OTHER,ＪＲ内房線
佐貫町,千葉県,,22310,その他,内房線,,Other,OTHER,ＪＲ内房線
上総湊,千葉県,,22243,その他,内房線,,Other,OTHER,ＪＲ内房線
竹岡,千葉県,,22349,その他,内房線,,Other,OTHER,ＪＲ内房線
浜金谷,千葉県,,22405,その他,内房線,,Other,OTHER,ＪＲ内房線
保田(千葉県),千葉県,,22431,その他,内房線,保田(千葉県),Other,OTHER,ＪＲ内房線
安房勝山,千葉県,,22187,その他,内房線,,Other,OTHER,ＪＲ内房線
岩井,千葉県,,22201,その他,内房線,,Other,OTHER,ＪＲ内房線
富浦(千葉県),千葉県,,22377,その他,内房線,富浦(千葉県),Other,OTHER,ＪＲ内房線
那古船形,千葉県,,22385,その他,内房線,,Other,OTHER,ＪＲ内房線
館山,千葉県,,22350,その他,内房線,,Other,OTHER,ＪＲ内房線
九重,千葉県,,22298,その他,内房線,,Other,OTHER,ＪＲ内房線
千倉,千葉県,,22357,その他,内房線,,Other,OTHER,ＪＲ内房線
千歳(千葉県),千葉県,,22360,その他,内房線,千歳(千葉県),Other,OTHER,ＪＲ内房線
南三原,千葉県,,22456,その他,内房線,,Other,OTHER,ＪＲ内房線
和田浦,千葉県,,22480,その他,内房線,,Other,OTHER,ＪＲ内房線
江見,千葉県,,22210,その他,内房線,,Other,OTHER,ＪＲ内房線
太海,千葉県,,22426,その他,内房線,,Other,OTHER,ＪＲ内房線
安房鴨川,千葉県,,22188,その他,内房線,,Other,OTHER,ＪＲ内房線|ＪＲ外房線
本千葉,千葉県,,22433,その他,外房線,,Other,OTHER,ＪＲ内房線|ＪＲ外房線
鎌取,千葉県,,22251,その他,外房線,,Other,OTHER,ＪＲ外房線
誉田,千葉県,,22432,その他,外房線,,Other,OTHER,ＪＲ外房線
土気,千葉県,,22376,その他,外房線,,Other,OTHER,ＪＲ外房線
大網,千葉県,,22211,その他,外房線,,Other,OTHER,ＪＲ東金線|ＪＲ外房線
永田(千葉県),千葉県,,22383,その他,外房線,永田(千葉県),Other,OTHER,ＪＲ外房線
本納,千葉県,,22434,その他,外房線,,Other,OTHER,ＪＲ外房線
新茂原,千葉県,,22333,その他,外房線,,Other,OTHER,ＪＲ外房線
茂原,千葉県,,22466,その他,外房線,,Other,OTHER,ＪＲ外房線
八積,千葉県,,22471,その他,外房線,,Other,OTHER,ＪＲ外房線
上総一ノ宮,千葉県,,22230,その他,外房線,,Other,OTHER,ＪＲ外房線
東浪見,千葉県,,22379,その他,外房線,,Other,OTHER,ＪＲ外房線
太東,千葉県,,22343,その他,外房線,,Other,OTHER,ＪＲ外房線
長者町,千葉県,,22355,その他,外房線,,Other,OTHER,ＪＲ外房線
三門,千葉県,,22448,その他,外房線,,Other,OTHER,ＪＲ外房線
大原(千葉県),千葉県,,22216,その他,外房線,大原(千葉県),Other,OTHER,ＪＲ外房線
浪花,千葉県,,22387,その他,外房線,,Other,OTHER,ＪＲ外房線
御宿,千葉県,,22224,その他,外房線,,Other,OTHER,ＪＲ外房線
勝浦,千葉県,,22246,その他,外房線,,Other,OTHER,ＪＲ外房線
鵜原,千葉県,,22203,その他,外房線,,Other,OTHER,ＪＲ外房線
上総興津,千葉県,,22233,その他,外房線,,Other,OTHER,ＪＲ外房線
行川アイランド,千葉県,,22389,その他,外房線,,Other,OTHER,ＪＲ外房線
安房小湊,千葉県,,22189,その他,外房線,,Other,OTHER,ＪＲ外房線
安房天津,千葉県,,22186,その他,外房線,,Other,OTHER,ＪＲ外房線
市川,千葉県,,22193,その他,総武本線,,Other,OTHER,ＪＲ総武線快速|ＪＲ中央・総武線各駅停車
船橋,千葉県,,22427,その他,総武本線,,Other,OTHER,ＪＲ総武線快速|ＪＲ中央・総武線各駅停車
津田沼,千葉県,,22370,その他,総武本線,,Other,OTHER,ＪＲ総武線快速|ＪＲ中央・総武線各駅停車
稲毛,千葉県,,22197,その他,総武本線,,Other,OTHER,ＪＲ総武線快速|ＪＲ中央・総武線各駅停車
南酒々井,千葉県,,22454,その他,総武本線,,Other,OTHER,ＪＲ総武本線
榎戸(千葉県),千葉県,,22209,その他,総武本線,榎戸(千葉県),Other,OTHER,ＪＲ総武本線
八街,千葉県,,22468,その他,総武本線,,Other,OTHER,ＪＲ総武本線
日向,千葉県,,22408,その他,総武本線,,Other,OTHER,ＪＲ総武本線
成東,千葉県,,22393,その他,総武本線,,Other,OTHER,ＪＲ総武本線|ＪＲ東金線
松尾(千葉県),千葉県,,22442,その他,総武本線,松尾(千葉県),Other,OTHER,ＪＲ総武本線
横芝,千葉県,,22477,その他,総武本線,,Other,OTHER,ＪＲ総武本線
飯倉,千葉県,,22191,その他,総武本線,,Other,OTHER,ＪＲ総武本線
八日市場,千葉県,,22475,その他,総武本線,,Other,OTHER,ＪＲ総武本線
干潟,千葉県,,22418,その他,総武本線,,Other,OTHER,ＪＲ総武本線
旭(千葉県),千葉県,,22177,その他,総武本線,旭(千葉県),Other,OTHER,ＪＲ総武本線
飯岡,千葉県,,22190,その他,総武本線,,Other,OTHER,ＪＲ総武本線
倉橋,千葉県,,22272,その他,総武本線,,Other,OTHER,ＪＲ総武本線
猿田,千葉県,,22311,その他,総武本線,,Other,OTHER,ＪＲ総武本線
祇園(千葉県),千葉県,,22266,その他,久留里線,祇園(千葉県),Other,OTHER,ＪＲ久留里線
上総清川,千葉県,,22236,その他,久留里線,,Other,OTHER,ＪＲ久留里線
東清川,千葉県,,22410,その他,久留里線,,Other,OTHER,ＪＲ久留里線
横田,千葉県,,22478,その他,久留里線,,Other,OTHER,ＪＲ久留里線
東横田,千葉県,,22417,その他,久留里線,,Other,OTHER,ＪＲ久留里線
馬来田,千葉県,,22437,その他,久留里線,,Other,OTHER,ＪＲ久留里線
下郡,千葉県,,22322,その他,久留里線,,Other,OTHER,ＪＲ久留里線
小櫃,千葉県,,22221,その他,久留里線,,Other,OTHER,ＪＲ久留里線
俵田,千葉県,,22351,その他,久留里線,,Other,OTHER,ＪＲ久留里線
久留里,千葉県,,22273,その他,久留里線,,Other,OTHER,ＪＲ久留里線
平山,千葉県,,22419,その他,久留里線,,Other,OTHER,ＪＲ久留里線
上総松丘,千葉県,,22241,その他,久留里線,,Other,OTHER,ＪＲ久留里線
上総亀山,千葉県,,22234,その他,久留里線,,Other,OTHER,ＪＲ久留里線
西千葉,千葉県,,22398,その他,総武線,,Other,OTHER,ＪＲ中央・総武線各駅停車
新検見川,千葉県,,22327,その他,総武線,,Other,OTHER,ＪＲ中央・総武線各駅停車
幕張,千葉県,,22438,その他,総武線,,Other,OTHER,ＪＲ中央・総武線各駅停車
幕張本郷,千葉県,,22439,その他,総武線,,Other,OTHER,ＪＲ中央・総武線各駅停車
東船橋,千葉県,,22415,その他,総武線,,Other,OTHER,ＪＲ中央・総武線各駅停車
西船橋,千葉県,,22401,その他,総武線,,Other,OTHER,東京メトロ東西線|ＪＲ京葉線|ＪＲ武蔵野線|ＪＲ中央・総武線各駅停車
下総中山,千葉県,,22320,その他,総武線,,Other,OTHER,ＪＲ中央・総武線各駅停車
本八幡(総武線),千葉県,,22463,その他,総武線,本八幡(総武線),Other,OTHER,千葉 → 本八幡(総武線)|西船橋 → 本八幡(総武線)|本八幡(総武線) → 新宿|海浜幕張 → 本八幡(総武線)|ＪＲ中央・総武線各駅停車|東京 → 本八幡(総武線)|新宿 → 本八幡(総武線)|本八幡(総武線) → 海浜幕張|本八幡(総武線) → 東京|本八幡(総武線) → 千葉|本八幡(総武線) → 舞浜
舞浜,千葉県,,22435,その他,京葉線,,Other,OTHER,ＪＲ京葉線
新浦安,千葉県,,22324,その他,京葉線,,Other,OTHER,ＪＲ京葉線
市川塩浜,千葉県,,22195,その他,京葉線,,Other,OTHER,ＪＲ京葉線
二俣新町,千葉県,,22424,その他,京葉線,,Other,OTHER,ＪＲ京葉線
南船橋,千葉県,,22457,その他,京葉線,,Other,OTHER,ＪＲ京葉線
新習志野,千葉県,,22330,その他,京葉線,,Other,OTHER,ＪＲ京葉線
幕張豊砂,千葉県,,29914,その他,京葉線,,Other,OTHER,ＪＲ京葉線
海浜幕張,千葉県,,22226,その他,京葉線,,Other,OTHER,ＪＲ京葉線
検見川浜,千葉県,,22291,その他,京葉線,,Other,OTHER,ＪＲ京葉線
稲毛海岸,千葉県,,22198,その他,京葉線,,Other,OTHER,ＪＲ京葉線
千葉みなと,千葉県,,22366,その他,京葉線,,Other,OTHER,ＪＲ京葉線|千葉都市モノレール１号線
松戸,千葉県,,22444,その他,常磐線,,Other,OTHER,京成松戸線|ＪＲ常磐線各駅停車|ＪＲ常磐線快速
柏,千葉県,,22228,その他,常磐線,,Other,OTHER,ＪＲ常磐線各駅停車|ＪＲ常磐線快速
天王台,千葉県,,22372,その他,常磐線,,Other,OTHER,ＪＲ常磐線各駅停車|ＪＲ常磐線快速
北松戸,千葉県,,22262,その他,常磐線,,Other,OTHER,ＪＲ常磐線各駅停車
馬橋,千葉県,,22447,その他,常磐線,,Other,OTHER,流鉄流山線|ＪＲ常磐線各駅停車
新松戸,千葉県,,22332,その他,常磐線,,Other,OTHER,ＪＲ武蔵野線|ＪＲ常磐線各駅停車
北小金,千葉県,,22258,その他,常磐線,,Other,OTHER,ＪＲ常磐線各駅停車
南柏,千葉県,,22452,その他,常磐線,,Other,OTHER,ＪＲ常磐線各駅停車
北柏,千葉県,,22257,その他,常磐線,,Other,OTHER,ＪＲ常磐線各駅停車
南流山,千葉県,,22455,その他,武蔵野線,,Other,OTHER,ＪＲ武蔵野線
新八柱,千葉県,,22334,その他,武蔵野線,,Other,OTHER,ＪＲ武蔵野線
東松戸,千葉県,,22416,その他,武蔵野線,,Other,OTHER,ＪＲ武蔵野線|京成成田スカイアクセス線|北総鉄道北総線
市川大野,千葉県,,22194,その他,武蔵野線,,Other,OTHER,ＪＲ武蔵野線
船橋法典,千葉県,,22429,その他,武蔵野線,,Other,OTHER,ＪＲ武蔵野線
福俵,千葉県,,22421,その他,東金線,,Other,OTHER,ＪＲ東金線
東金,千葉県,,22373,その他,東金線,,Other,OTHER,ＪＲ東金線
求名,千葉県,,22274,その他,東金線,,Other,OTHER,ＪＲ東金線
十二橋,千葉県,,22335,その他,鹿島線,,Other,OTHER,ＪＲ鹿島線
国府台,千葉県,,22294,その他,本線,,Other,OTHER,京成本線
市川真間,千葉県,,22196,その他,本線,,Other,OTHER,京成本線
菅野,千葉県,,22338,その他,本線,,Other,OTHER,京成本線
京成八幡,千葉県,,22289,その他,本線,,Other,OTHER,京成本線
鬼越,千葉県,,22220,その他,本線,,Other,OTHER,京成本線
京成中山,千葉県,,22283,その他,本線,,Other,OTHER,京成本線
東中山,千葉県,,22412,その他,本線,,Other,OTHER,京成本線
京成西船,千葉県,,22285,その他,本線,,Other,OTHER,京成本線
海神,千葉県,,22225,その他,本線,,Other,OTHER,京成本線
京成船橋,千葉県,,22286,その他,本線,,Other,OTHER,京成本線
大神宮下,千葉県,,22352,その他,本線,,Other,OTHER,京成本線
船橋競馬場,千葉県,,22428,その他,本線,,Other,OTHER,京成本線
谷津,千葉県,,22470,その他,本線,,Other,OTHER,京成本線
京成津田沼,千葉県,,22282,その他,本線,,Other,OTHER,京成千葉線|京成本線|京成松戸線
京成大久保,千葉県,,22277,その他,本線,,Other,OTHER,京成本線
実籾,千葉県,,22459,その他,本線,,Other,OTHER,京成本線
八千代台,千葉県,,22469,その他,本線,,Other,OTHER,京成本線
京成大和田,千葉県,,22278,その他,本線,,Other,OTHER,京成本線
勝田台,千葉県,,22247,その他,本線,,Other,OTHER,京成本線
志津,千葉県,,22315,その他,本線,,Other,OTHER,京成本線
ユーカリが丘,千葉県,,22474,その他,本線,,Other,OTHER,京成本線|山万ユーカリが丘線
京成臼井,千葉県,,22276,その他,本線,,Other,OTHER,京成本線
京成佐倉,千葉県,,22279,その他,本線,,Other,OTHER,京成本線
大佐倉,千葉県,,22212,その他,本線,,Other,OTHER,京成本線
京成酒々井,千葉県,,22280,その他,本線,,Other,OTHER,京成本線
宗吾参道,千葉県,,22340,その他,本線,,Other,OTHER,京成本線
公津の杜,千葉県,,22293,その他,本線,,Other,OTHER,京成本線
京成成田,千葉県,,22284,その他,本線,,Other,OTHER,京成本線|京成東成田線
上本郷,千葉県,,22252,その他,京成松戸線,,Other,OTHER,京成松戸線
松戸新田,千葉県,,22445,その他,京成松戸線,,Other,OTHER,京成松戸線
みのり台,千葉県,,22458,その他,京成松戸線,,Other,OTHER,京成松戸線
八柱,千葉県,,22472,その他,京成松戸線,,Other,OTHER,京成松戸線
常盤平,千葉県,,22375,その他,京成松戸線,,Other,OTHER,京成松戸線
五香,千葉県,,22303,その他,京成松戸線,,Other,OTHER,京成松戸線
元山(千葉県),千葉県,,22462,その他,京成松戸線,元山(千葉県),Other,OTHER,京成松戸線
くぬぎ山,千葉県,,22271,その他,京成松戸線,,Other,OTHER,京成松戸線
北初富,千葉県,,22261,その他,京成松戸線,,Other,OTHER,京成松戸線
新鎌ケ谷,千葉県,,22326,その他,京成松戸線,,Other,OTHER,京成松戸線|京成成田スカイアクセス線|北総鉄道北総線
初富,千葉県,,22404,その他,京成松戸線,,Other,OTHER,京成松戸線
鎌ケ谷大仏,千葉県,,22250,その他,京成松戸線,,Other,OTHER,京成松戸線
二和向台,千葉県,,22425,その他,京成松戸線,,Other,OTHER,京成松戸線
三咲,千葉県,,22449,その他,京成松戸線,,Other,OTHER,京成松戸線
滝不動,千葉県,,22348,その他,京成松戸線,,Other,OTHER,京成松戸線
高根公団,千葉県,,22346,その他,京成松戸線,,Other,OTHER,京成松戸線
高根木戸,千葉県,,22345,その他,京成松戸線,,Other,OTHER,京成松戸線
北習志野,千葉県,,22260,その他,京成松戸線,,Other,OTHER,京成松戸線
習志野,千葉県,,22390,その他,京成松戸線,,Other,OTHER,京成松戸線
薬園台,千葉県,,22467,その他,京成松戸線,,Other,OTHER,京成松戸線
前原,千葉県,,22436,その他,京成松戸線,,Other,OTHER,京成松戸線
新津田沼,千葉県,,22329,その他,京成松戸線,,Other,OTHER,京成松戸線
京成幕張本郷,千葉県,,22288,その他,千葉線,,Other,OTHER,京成千葉線
京成幕張,千葉県,,22287,その他,千葉線,,Other,OTHER,京成千葉線
検見川,千葉県,,22290,その他,千葉線,,Other,OTHER,京成千葉線
京成稲毛,千葉県,,22275,その他,千葉線,,Other,OTHER,京成千葉線
みどり台,千葉県,,22451,その他,千葉線,,Other,OTHER,京成千葉線
西登戸,千葉県,,22399,その他,千葉線,,Other,OTHER,京成千葉線
新千葉,千葉県,,22328,その他,千葉線,,Other,OTHER,京成千葉線
京成千葉,千葉県,,22281,その他,千葉線,,Other,OTHER,京成千葉線
千葉中央,千葉県,,22363,その他,千葉線,,Other,OTHER,京成千原線|京成千葉線
千葉寺,千葉県,,22364,その他,千原線,,Other,OTHER,京成千原線
大森台,千葉県,,22218,その他,千原線,,Other,OTHER,京成千原線
学園前(千葉県),千葉県,,29034,その他,千原線,学園前(千葉県),Other,OTHER,京成千原線
おゆみ野,千葉県,,29035,その他,千原線,,Other,OTHER,京成千原線
ちはら台,千葉県,,29036,その他,千原線,,Other,OTHER,京成千原線
東成田,千葉県,,22413,その他,東成田線,,Other,OTHER,京成東成田線
成田湯川,千葉県,,29673,その他,成田空港線,,Other,OTHER,京成成田スカイアクセス線
千葉公園,千葉県,,22362,その他,２号線,,Other,OTHER,千葉都市モノレール２号線
作草部,千葉県,,22305,その他,２号線,,Other,OTHER,千葉都市モノレール２号線
天台,千葉県,,22371,その他,２号線,,Other,OTHER,千葉都市モノレール２号線
穴川(千葉県),千葉県,,22181,その他,２号線,穴川(千葉県),Other,OTHER,千葉都市モノレール２号線
スポーツセンター,千葉県,,22339,その他,２号線,,Other,OTHER,千葉都市モノレール２号線
動物公園,千葉県,,22380,その他,２号線,,Other,OTHER,千葉都市モノレール２号線
みつわ台,千葉県,,22450,その他,２号線,,Other,OTHER,千葉都市モノレール２号線
桜木(千葉県),千葉県,,22307,その他,２号線,桜木(千葉県),Other,OTHER,千葉都市モノレール２号線
小倉台,千葉県,,22219,その他,２号線,,Other,OTHER,千葉都市モノレール２号線
千城台北,千葉県,,22359,その他,２号線,,Other,OTHER,千葉都市モノレール２号線
千城台,千葉県,,22358,その他,２号線,,Other,OTHER,千葉都市モノレール２号線
市役所前(千葉県),千葉県,,29044,その他,１号線,市役所前(千葉県),Other,OTHER,千葉都市モノレール１号線
栄町(千葉県),千葉県,,29262,その他,１号線,栄町(千葉県),Other,OTHER,千葉都市モノレール１号線
葭川公園,千葉県,,29263,その他,１号線,,Other,OTHER,千葉都市モノレール１号線
県庁前(千葉県),千葉県,,29264,その他,１号線,県庁前(千葉県),Other,OTHER,千葉都市モノレール１号線
仲ノ町,千葉県,,22381,その他,銚子電気鉄道線,,Private,OTHER,
観音,千葉県,,22254,その他,銚子電気鉄道線,,Private,OTHER,
本銚子,千葉県,,22461,その他,銚子電気鉄道線,,Private,OTHER,
笠上黒生,千葉県,,22227,その他,銚子電気鉄道線,,Private,OTHER,
西海鹿島,千葉県,,22395,その他,銚子電気鉄道線,,Private,OTHER,
海鹿島,千葉県,,22178,その他,銚子電気鉄道線,,Private,OTHER,
君ケ浜,千葉県,,22263,その他,銚子電気鉄道線,,Private,OTHER,
犬吠,千葉県,,22199,その他,銚子電気鉄道線,,Private,OTHER,
外川,千葉県,,22374,その他,銚子電気鉄道線,,Private,OTHER,
